{"cameraMode":{"drawMode":0,"name":"Shaded","section":"Shading Mode"},"sceneLighting":false,"audioPlay":false,"sceneViewState":{"m_AlwaysRefresh":false,"showFog":true,"showSkybox":false,"showFlares":true,"showImageEffects":true,"showParticleSystems":true,"showVisualEffectGraphs":true,"m_FxEnabled":true},"in2DMode":false,"pivot":{"x":0.10900001227855683,"y":1.1180000305175782,"z":0.9139999151229858},"rotation":{"x":0.0808025524020195,"y":0.052006740123033527,"z":-0.004221898969262838,"w":0.9953959584236145},"size":0.17320509254932404,"orthographic":false}