{"cameraMode":{"drawMode":0,"name":"Shaded","section":"Shading Mode"},"sceneLighting":false,"audioPlay":false,"sceneViewState":{"m_AlwaysRefresh":false,"showFog":true,"showSkybox":false,"showFlares":true,"showImageEffects":true,"showParticleSystems":true,"showVisualEffectGraphs":true,"m_FxEnabled":true},"in2DMode":false,"pivot":{"x":-0.06202003359794617,"y":0.11246536672115326,"z":-0.12345433235168457},"rotation":{"x":0.006061732303351164,"y":0.9930225610733032,"z":-0.059053320437669757,"w":0.10193761438131333},"size":0.8347352147102356,"orthographic":false}