{"cameraMode":{"drawMode":0,"name":"Shaded","section":"Shading Mode"},"sceneLighting":false,"audioPlay":false,"sceneViewState":{"m_AlwaysRefresh":false,"showFog":true,"showSkybox":false,"showFlares":true,"showImageEffects":true,"showParticleSystems":true,"showVisualEffectGraphs":true,"m_FxEnabled":true},"in2DMode":false,"pivot":{"x":0.10900001227855683,"y":1.1180000305175782,"z":0.9139999747276306},"rotation":{"x":0.2608768939971924,"y":0.6165252923965454,"z":-0.22742730379104615,"w":0.707207202911377},"size":0.08660251647233963,"orthographic":false}