{"cameraMode":{"drawMode":0,"name":"Shaded","section":"Shading Mode"},"sceneLighting":false,"audioPlay":false,"sceneViewState":{"m_AlwaysRefresh":false,"showFog":true,"showSkybox":false,"showFlares":true,"showImageEffects":true,"showParticleSystems":true,"showVisualEffectGraphs":true,"m_FxEnabled":true},"in2DMode":false,"pivot":{"x":2.4756417274475099,"y":1.0525206327438355,"z":0.9345017671585083},"rotation":{"x":-0.023470478132367135,"y":0.7667129039764404,"z":0.02807551994919777,"w":0.640953004360199},"size":0.7075485587120056,"orthographic":false}