{"cameraMode":{"drawMode":0,"name":"Shaded","section":"Shading Mode"},"sceneLighting":false,"audioPlay":false,"sceneViewState":{"m_AlwaysRefresh":false,"showFog":true,"showSkybox":true,"showFlares":true,"showImageEffects":true,"showParticleSystems":true,"showVisualEffectGraphs":true,"m_FxEnabled":true},"in2DMode":false,"pivot":{"x":2.083902597427368,"y":-2.315303087234497,"z":0.26089954376220705},"rotation":{"x":0.10629967600107193,"y":-0.004773182328790426,"z":0.0005103264120407403,"w":0.9943543076515198},"size":5.060588836669922,"orthographic":false}