{"cameraMode":{"drawMode":0,"name":"Shaded","section":"Shading Mode"},"sceneLighting":true,"audioPlay":false,"sceneViewState":{"m_AlwaysRefresh":false,"showFog":true,"showSkybox":true,"showFlares":true,"showImageEffects":true,"showParticleSystems":true,"showVisualEffectGraphs":true,"m_FxEnabled":true},"in2DMode":false,"pivot":{"x":1.921716332435608,"y":1.8393900394439698,"z":4.149051666259766},"rotation":{"x":0.0031710374169051649,"y":0.9945130944252014,"z":-0.09968206286430359,"w":0.03163202106952667},"size":0.09433236718177796,"orthographic":false}