{"cameraMode":{"drawMode":0,"name":"Shaded","section":"Shading Mode"},"sceneLighting":true,"audioPlay":false,"sceneViewState":{"m_AlwaysRefresh":false,"showFog":true,"showSkybox":true,"showFlares":true,"showImageEffects":true,"showParticleSystems":true,"showVisualEffectGraphs":true,"m_FxEnabled":true},"in2DMode":false,"pivot":{"x":2.4756417274475099,"y":0.5525206327438355,"z":0.45950180292129519},"rotation":{"x":-0.00005544588202610612,"y":0.9957939982414246,"z":0.0005991230718791485,"w":0.09166715294122696},"size":0.6225042939186096,"orthographic":false}