{"cameraMode":{"drawMode":0,"name":"Shaded","section":"Shading Mode"},"sceneLighting":false,"audioPlay":false,"sceneViewState":{"m_AlwaysRefresh":false,"showFog":true,"showSkybox":false,"showFlares":true,"showImageEffects":true,"showParticleSystems":true,"showVisualEffectGraphs":true,"m_FxEnabled":true},"in2DMode":false,"pivot":{"x":-5.072948932647705,"y":0.25000619888305666,"z":-4.016669750213623},"rotation":{"x":0.4863230884075165,"y":-0.009173278696835041,"z":0.00510762445628643,"w":0.8737347722053528},"size":1.1259959936141968,"orthographic":false}