{"cameraMode":{"drawMode":0,"name":"Shaded","section":"Shading Mode"},"sceneLighting":false,"audioPlay":false,"sceneViewState":{"m_AlwaysRefresh":false,"showFog":true,"showSkybox":false,"showFlares":true,"showImageEffects":true,"showParticleSystems":true,"showVisualEffectGraphs":true,"m_FxEnabled":false},"in2DMode":false,"pivot":{"x":-5.1108245849609379,"y":-0.8591768741607666,"z":-5.561263084411621},"rotation":{"x":0.011468249373137951,"y":0.9664628505706787,"z":-0.25285932421684267,"w":0.04380517080426216},"size":1.286649465560913,"orthographic":false}